,ambiguity,resolution
0,"Unless otherwise stated, a Teflon vial was equipped with a 1-cm stirring bar: Is the size of the Teflon vial specified?",Equipment size is determined by the robotic platform and nothing we have to worry about
1,"Unless otherwise stated, a Teflon vial was equipped with a 1-cm stirring bar: Is there a specific type of stirring bar that should be used?",The exact equipment used is determined by the robotic system and nothing to worry about. We will use a universal hardware setup. The components metioned in literature procedures will be adapted to what is available
2,"Unless otherwise stated, a Teflon vial was equipped with a 1-cm stirring bar: Should the stirring bar be added before or after the other components?",The stirring bar will already be setup in the system. No need to worry about that
3,"followed by the addition of enyne (0.2 mmol, 1.0 equiv.), p-iodotoluene (9 mg, 0.04 mmol, 20 mol%) and CHCl3 (0.5 ml): Is the order of addition of enyne, p-iodotoluene, and CHCl3 specified?",The order should be as stated in the procedure. Enyne than p-iodotoluene than CHCl3.
4,"followed by the addition of enyne (0.2 mmol, 1.0 equiv.), p-iodotoluene (9 mg, 0.04 mmol, 20 mol%) and CHCl3 (0.5 ml): Should the components be added simultaneously or sequentially?",Sequentially as stated in the procedure
5,"followed by the addition of enyne (0.2 mmol, 1.0 equiv.), p-iodotoluene (9 mg, 0.04 mmol, 20 mol%) and CHCl3 (0.5 ml): Are there specific precautions for handling these components?",This is nothing we have to worry about. Execution is on a robotic system that is assumed to be safe
6,The stated amine:HF mixture was added (0.5 ml) via syringe: Is the specific type of amine and HF mixture specified?,If the chemical (in this case amine) can not be assumed from the literature text it is reasonable to just use the given name (amine here) as a placeholder
7,The stated amine:HF mixture was added (0.5 ml) via syringe: Should the amine:HF mixture be added slowly or all at once?,"Addition with a syringe usually means air sensitive reactions. Since nothing else is noted, the addition can be at once."
8,The stated amine:HF mixture was added (0.5 ml) via syringe: Is there a specific syringe size or type recommended for this step?,The exact equipment used is determined by the robotic system and nothing to worry about. We will use a universal hardware setup. The components metioned in literature procedures will be adapted to what is available
9,"After stirring for 1 min, Selectfluor (106 mg, 0.3 mmol, 1.5 equiv.) was added in one portion: Is the duration and speed of stirring specified?",If not otherwise indicated (for example with words like vigirously or strongly) the stirring speed can be assumed to be 300 rpm
10,"After stirring for 1 min, Selectfluor (106 mg, 0.3 mmol, 1.5 equiv.) was added in one portion: Should Selectfluor be added directly to the reaction mixture or to a specific location?","The addition is into the reaction mixture, since not stated otherwise. If it was stated, that the mixture was prepared first,  preparation should happen in a extra location. Sometimes this can be implied by sentences like: x was added to a solution of y in z: where x, y, and z are some chemicals and the solution of y in z should be performed first"
11,"After stirring for 1 min, Selectfluor (106 mg, 0.3 mmol, 1.5 equiv.) was added in one portion: Are there any precautions for handling Selectfluor?",We are performing reactions on a robotic platform. this is assumed to be safe in general
12,After stirring (350 r.p.m.) at ambient temperature for 24 h: Is the ambient temperature range specified?,ambient temperature or room temperature usually refer to 25 degrees celcius
13,After stirring (350 r.p.m.) at ambient temperature for 24 h: Should the stirring speed be maintained at 350 r.p.m. throughout the 24 hours?,"yes, since not state4d otherwise, that should be maintained"
14,After stirring (350 r.p.m.) at ambient temperature for 24 h: Is there a specific type of stirring apparatus recommended for this step?,The exact equipment used is determined by the robotic system and nothing to worry about. We will use a universal hardware setup. The components metioned in literature procedures will be adapted to what is available
15,the reaction mixture was poured into 100 ml of a saturated solution of NaHCO3 (caution! generation of CO2!): Is the rate of pouring specified?,"The rate is not specified. If uncertain, the addition of liquids can always be performed dropwise. "
16,the reaction mixture was poured into 100 ml of a saturated solution of NaHCO3 (caution! generation of CO2!): Should the reaction mixture be poured slowly or rapidly?,The only mode relevant are addition dropwise or addition all at once
17,the reaction mixture was poured into 100 ml of a saturated solution of NaHCO3 (caution! generation of CO2!): Are there specific safety measures to be taken due to the generation of CO2?,This is determined by the robotic platform. Safety concerns are not too relevant for us
18,The Teflon vial was rinsed with dichloromethane (DCM) and dropped into another flask of saturated aqueous solution of NaHCO3 to guarantee the removal of excess HF: Is the rinsing process specified in detail?,The amount of DCM is not stated explicitly. To make it unambiguous a volume should be specified to make it automatically executable. Rinsing trice with 10ml of DCM for a inital  mixture of 100 ml (so 10%) could be a good guess. Also The Aqueous solution of NaHCO3 has to be prepared first in a different fask for cleaning. In this case though it is a step in the cleaning process and will be performed by the system automatically
19,The Teflon vial was rinsed with dichloromethane (DCM) and dropped into another flask of saturated aqueous solution of NaHCO3 to guarantee the removal of excess HF: Should the rinsing be done multiple times?,3 times is a good estimation for rinsing in general. typically rinsing with smaller volumes multiple times is better than with a larger volume once
20,The Teflon vial was rinsed with dichloromethane (DCM) and dropped into another flask of saturated aqueous solution of NaHCO3 to guarantee the removal of excess HF: Is there a specific volume of DCM recommended for rinsing?,10 % of the reaction mixture can be a good guess
21,"The organics were extracted with DCM (3 × 30 ml): Is the extraction process detailed further (e.g., shaking time, separation method)?",This is done by the robotic system automatically and nothing we have to worry about
22,The organics were extracted with DCM (3 × 30 ml): Should the extractions be done in a specific order?,The extraction is performed trice with the same solvent. The order does not matter in this case
23,The organics were extracted with DCM (3 × 30 ml): Is there a specific type of separatory funnel recommended for this step?,The exact equipment used is determined by the robotic system and nothing to worry about. We will use a universal hardware setup. The components metioned in literature procedures will be adapted to what is available
24,the solvent was carefully removed under reduced pressure: Is the temperature and pressure for the removal of solvent specified?,"reduced pressure usually always means 0 mbar, same is the case when it says solvent was removed, evaporated, .etc... The temperature will be determined automatically.  For refluxing a few degrees over the boiling point of the solvent should be used"
25,the solvent was carefully removed under reduced pressure: Should the removal be done slowly or rapidly?,This will be determined automaticallu
26,the solvent was carefully removed under reduced pressure: Are there specific safety precautions for using reduced pressure?,the robotic platform used is generally considered to be safe. No need to think about this
27,An internal standard (ethyl fluoroacetate) was added to the crude residue and the NMR yield was analysed by 19F NMR spectroscopy against the internal standard: Is the amount of internal standard specified?,NMRs will not be performed automatically. Thus this is not neccessary to know
28,An internal standard (ethyl fluoroacetate) was added to the crude residue and the NMR yield was analysed by 19F NMR spectroscopy against the internal standard: Is there a specific NMR instrument recommended for this analysis?,The exact equipment used is determined by the robotic system and nothing to worry about. We will use a universal hardware setup. The components metioned in literature procedures will be adapted to what is available
29,The NMR sample was recombined with the crude residue and purification by column chromatography or preparative thin-layer chromatography yielded the desired product: Is the choice between column chromatography and preparative TLC specified?,We will always choose column chromatograph since TLC can not be performed on orbotic systems
30,The NMR sample was recombined with the crude residue and purification by column chromatography or preparative thin-layer chromatography yielded the desired product: Are there specific elution conditions for column chromatography mentioned?,This will be determined by the system automatically. Only the solvent mixture should be known
31,"In an oven-dried 250 ml round-bottom flask, 2,6-dimethyl-γ-pyrone was dissolved in THF under nitrogen.: What was the exact volume of THF used to dissolve 2,6-dimethyl-γ-pyrone?",Since it is not stated specifically it is hard to predict in advance. Especially because neither THF nor solute amounts are specified
32,"In an oven-dried 250 ml round-bottom flask, 2,6-dimethyl-γ-pyrone was dissolved in THF under nitrogen.: How was the nitrogen atmosphere maintained in the flask during the dissolution process?",The exact equipment used is determined by the robotic system and nothing to worry about. We will use a universal hardware setup. The components metioned in literature procedures will be adapted to what is available
33,"In an oven-dried 250 ml round-bottom flask, 2,6-dimethyl-γ-pyrone was dissolved in THF under nitrogen.: Was there a specific temperature mentioned for the oven drying of the flask?",The exact equipment used is determined by the robotic system and nothing to worry about. We will use a universal hardware setup. The components metioned in literature procedures will be adapted to what is available
34,"The stirring solution was cooled to 5 °C via an ice bath, then one equivalent of arylmagnesium bromide (in a 1 M solution with THF) was added dropwise.: How was the temperature monitored and controlled during the cooling process?","The temperature can be assumed to be hold properly by the robotic system. Likely no ice bath, but some technical solution will be used. It can jsut be assumed that this works without flaws"
35,"The stirring solution was cooled to 5 °C via an ice bath, then one equivalent of arylmagnesium bromide (in a 1 M solution with THF) was added dropwise.: Was the addition of arylmagnesium bromide done under inert atmosphere?",Since not stated the inert atmousphere was kept for all steps
36,"The stirring solution was cooled to 5 °C via an ice bath, then one equivalent of arylmagnesium bromide (in a 1 M solution with THF) was added dropwise.: Was there a specific rate mentioned for the dropwise addition of arylmagnesium bromide?",There is only one rate for dropwise addition
37,The reaction mixture was subsequently allowed to warm to room temperature while stirring over an hour.: Was there any specific stirring speed mentioned for this step?,If not indicated othwise by keywords like vigorously the stirring speed can be assumen to 300 rpm
38,The reaction mixture was subsequently allowed to warm to room temperature while stirring over an hour.: How was the reaction mixture protected from external contaminants during the warming process?,The exact equipment used is determined by the robotic system and nothing to worry about. We will use a universal hardware setup. The components metioned in literature procedures will be adapted to what is available
39,The reaction mixture was subsequently allowed to warm to room temperature while stirring over an hour.: Was there a specific method mentioned for monitoring the reaction progress?,The exact equipment used is determined by the robotic system and nothing to worry about. We will use a universal hardware setup. The components metioned in literature procedures will be adapted to what is available
40,The crude mixture was poured over a boron trifluoride diethyl etherate solution to yield a precipitate that was filtered and washed with diethyl ether.: What was the ratio of the crude mixture to the boron trifluoride diethyl etherate solution?,Since nothing else is stated it is hard to guess from the procedure alone. A best guess might have to be made. 1:1 could be a good guess
41,The crude mixture was poured over a boron trifluoride diethyl etherate solution to yield a precipitate that was filtered and washed with diethyl ether.: Was there a specific filtration method mentioned for isolating the precipitate?,"This will be determined by the platform. Important to notice though is that subsequent transfer of percipitates/solids to different falsk is only possible if they get dissolved again, unless the robotic system has the capability to handle solids explicitly"
42,The crude mixture was poured over a boron trifluoride diethyl etherate solution to yield a precipitate that was filtered and washed with diethyl ether.: How many washes with diethyl ether were performed for the precipitate?,3 is usually a good approximation
43,The resulting pyrylium intermediates were then reacted with a primary amine to afford the desired pyridinium derivatives.: What was the stoichiometry of the reaction between the pyrylium intermediates and the primary amine?,1:1 us a good guess for this step. amines and pyrylimu react in a ratio of 1:1
44,The resulting pyrylium intermediates were then reacted with a primary amine to afford the desired pyridinium derivatives.: Was there a specific order mentioned for adding the primary amine to the reaction mixture?,since not differently stated it will just be added to the given mixture
45,The resulting pyrylium intermediates were then reacted with a primary amine to afford the desired pyridinium derivatives.: How was the purity of the primary amine ensured before addition to the reaction?,This will be determined by the system automatically and is nothing we have to worry about
46,"In a 50 ml round-bottom flask equipped with a magnetic stir bar and condenser, 4-substituted 2,6-dimethyl-pyrylium tetrafluoroborate was suspended in ethanol (~30 ml).: Was there a specific temperature mentioned for the suspension of the pyrylium tetrafluoroborate in ethanol?",if no otyher temperature is mentioned room temperature (25 degrees celcius) can be assumed
47,"In a 50 ml round-bottom flask equipped with a magnetic stir bar and condenser, 4-substituted 2,6-dimethyl-pyrylium tetrafluoroborate was suspended in ethanol (~30 ml).: How was the ethanol measured for the suspension?",this is nothing to worry about. the amount of substrate available can be assumed to be sufficient at all  times
48,"In a 50 ml round-bottom flask equipped with a magnetic stir bar and condenser, 4-substituted 2,6-dimethyl-pyrylium tetrafluoroborate was suspended in ethanol (~30 ml).: Was there a specific stirring speed mentioned for this step?",since nothing else specified 300 rpm can be assumed. if word like vigorous are used 1000 rpm is usually suitable
49,Approximately 1.2 equivalents of the corresponding primary amine was added and the mixture was refluxed for 4 h while under nitrogen.: How was the equivalence of the primary amine determined?,By the theoretical yield. Usually these kind of things should be given in the procedure
50,Approximately 1.2 equivalents of the corresponding primary amine was added and the mixture was refluxed for 4 h while under nitrogen.: Was there a specific reflux temperature mentioned for the reaction?,A few degrees over the boilding point of the solvent is usually used. This will mostly be determined by the system automatically
51,Approximately 1.2 equivalents of the corresponding primary amine was added and the mixture was refluxed for 4 h while under nitrogen.: How was the nitrogen atmosphere maintained during the reflux period?,The exact equipment used is determined by the robotic system and nothing to worry about. We will use a universal hardware setup. The components metioned in literature procedures will be adapted to what is available
52,The solution was cooled to room temperature overnight and diluted with diethyl ether.: Was there a specific rate mentioned for the cooling process?,with active cooling 10 degrees per 2 min is a good guess. cooling/ heating speeds will be determined by the system automatically usually
53,The solution was cooled to room temperature overnight and diluted with diethyl ether.: What was the ratio of the solution to diethyl ether for dilution?,1: 1 is a good estimation if the hardware limitations allow
54,The solution was cooled to room temperature overnight and diluted with diethyl ether.: How was the solution protected from contamination during the cooling and dilution steps?,The exact equipment used is determined by the robotic system and nothing to worry about. We will use a universal hardware setup. The components metioned in literature procedures will be adapted to what is available
55,The precipitate was isolated by filtration and dried under vacuum to afford a solid product.: Was there a specific filtration method mentioned for isolating the precipitate?,The exact equipment used is determined by the robotic system and nothing to worry about. We will use a universal hardware setup. The components metioned in literature procedures will be adapted to what is available
56,The precipitate was isolated by filtration and dried under vacuum to afford a solid product.: How long was the drying process under vacuum performed?,"This depends on the prodcut. In doubt rather longer than shorter, which can be minutes to hours"
57,The precipitate was isolated by filtration and dried under vacuum to afford a solid product.: Was there a specific vacuum pressure mentioned for the drying step?,0 mbar is always assumed for these kind of pressure reductions steps
58,"A 250 mL round bottom flask equipped with a stir bar was charged with sodium hydrosulfide hydrate (48.2 g, 660 mmol, 2.2 equiv.), followed by the addition of MeOH (100 mL).: Is the addition of MeOH done all at once or dropwise?",Since not otherwise stated the addition happens all at once. Sodium hydrosulfide should be in the flask before addition of MeOH
59,"A 250 mL round bottom flask equipped with a stir bar was charged with sodium hydrosulfide hydrate (48.2 g, 660 mmol, 2.2 equiv.), followed by the addition of MeOH (100 mL).: Is there a specific stirring speed mentioned for this step?","Since nothing else is mentioned 300 rpm is the typical speed to choose. If it said rapidly or similar, 1000 rpm would be used"
60,"A 250 mL round bottom flask equipped with a stir bar was charged with sodium hydrosulfide hydrate (48.2 g, 660 mmol, 2.2 equiv.), followed by the addition of MeOH (100 mL).: Should the addition of MeOH be done slowly or rapidly?","It con only be dropwise or all at once. Robotic execution typically just distinguishes between these two, even if there is more variety in literature procedures"
61,The resulting suspension was stirred at room temperature until most of the solid dissolved.: Is there a specific stirring time mentioned for this step?,Since strongly depends on the chemical. It can be to know i advance. Usually longer is better than shorter. E.g. 30 min could be used if you think the solid is not well solvable. 
62,The resulting suspension was stirred at room temperature until most of the solid dissolved.: How do we determine when 'most of the solid' has dissolved?,This will have to be choosen in advance. You will have to make a best guess how long it will likely take. In general polar compounds dissolve faster in watery solution and uinpolar faster in organic solutions. Depending on that it can take a few minutes or half an hour or longer. Here a best guess should be made. If available you can also use the logP value to estiamte this
63,The resulting suspension was stirred at room temperature until most of the solid dissolved.: Is there a specific color change or visual cue to indicate dissolution?,This is not of relevance for us. We are using a robotic platform and color changes will not be tracked
64,"The flask was immersed into ice/water bath and pentafluoropyridine (S1) (33.0 mL, 300 mmol, 1.0 equiv.) was slowly added, maintaining internal reaction temperature below 30 °C.: How is the internal reaction temperature monitored and controlled?",The temperature is monitored automatically by the system. Since we only distinguish between added at once and added dropwise temperature critical additions that might create heat could be wise to be performed dorpwise
65,"The flask was immersed into ice/water bath and pentafluoropyridine (S1) (33.0 mL, 300 mmol, 1.0 equiv.) was slowly added, maintaining internal reaction temperature below 30 °C.: Should the ice/water bath be at a specific temperature?",ice/water bath usually mean 0 degrees celcius. in case of robotic execution which we will be using the temperature will not be controlled with a ice/water bath but some other  way of cooling whichis not important to know about. We just need to know that the temperature should be 0 degrees celcius
66,"The resulting viscous solution was stirred for 5 min, after which the volatile components were evaporated under reduced pressure.: Is there a specific stirring speed mentioned for this step?",300 rpm is used if nothing else is mentioned with words like vigorous or rapid. in those cases it would be 1000 rpm. Reduced pressure/evaproate/under vacuo or similar always refer to 0 mbar
67,"The resulting viscous solution was stirred for 5 min, after which the volatile components were evaporated under reduced pressure.: How do we determine when 5 minutes have elapsed?","This can just be done with a attribute time="" in the chemistry specific programming language XDL we will be using. It is just important to qunatify all phyisal units"
68,"The resulting viscous solution was stirred for 5 min, after which the volatile components were evaporated under reduced pressure.: Is there a specific reduced pressure range mentioned for evaporation?",For evaporation etc. the pressure is always 0 mbar
69,"The residue was carefully treated with 4M HCl solution (180 mL), and the product was extracted with hexanes (100 mL, then 2 x 50 mL).: Is there a specific order in which the HCl solution and hexanes should be added?",Just like mentioned in the text first 180 mL HCl should be added. Afterwards 100 mL of hexanes were used for extraction followed by twice 50 mL hexane for extraction
70,"The residue was carefully treated with 4M HCl solution (180 mL), and the product was extracted with hexanes (100 mL, then 2 x 50 mL).: Should the extraction with hexanes be done in one continuous step or separate steps?",extraction with hexane happens trice. once with 100mL hexanes and twice with 50 mL hexane
71,"The residue was carefully treated with 4M HCl solution (180 mL), and the product was extracted with hexanes (100 mL, then 2 x 50 mL).: Is there a specific extraction time mentioned?",This will be determined by the robotic systems automatically which we are using for chemical reactions. We just have to make sure to execute all steps
72,"The combined organic phases were dried using MgSO4, filtered and the solvent was evaporated under reduced pressure (>100 mbar, temp. 30 °C) to afford thiol S2 (52.2 g) as a colorless liquid, which solidified upon storage at 0 °C (Yield = 95%).: Is there a specific drying time mentioned for MgSO4?","A best guess should be made for how long it may take. The system that we are using will be applying some default parameter in case nothing is given which can be used if in doubt. Importantly, the robotic platform can not transfer solids by itself. In cases wehree the solid should be further processed it was to be either solvated again, or an human as to transfer it."
73,"The combined organic phases were dried using MgSO4, filtered and the solvent was evaporated under reduced pressure (>100 mbar, temp. 30 °C) to afford thiol S2 (52.2 g) as a colorless liquid, which solidified upon storage at 0 °C (Yield = 95%).: How is the yield calculated in this procedure?",This is not relevant to us. We are only interested in executing  the procedure.
74,"The combined organic phases were dried using MgSO4, filtered and the solvent was evaporated under reduced pressure (>100 mbar, temp. 30 °C) to afford thiol S2 (52.2 g) as a colorless liquid, which solidified upon storage at 0 °C (Yield = 95%).: Is there a specific method mentioned for storing the product at 0 °C?",This could just be done on the robotic platform by cooling the vessel in which the liquid resides to 0 degress celcius. in the system that we are using this should be executeable with the temperature setting descriped in the wait step
75,The polymerization was then conducted in the NMR (Bruker 400) that had been stabilized at 70 degrees Celsius beforehand.: Was the NMR instrument preheated to 70 degrees Celsius before the polymerization?,"Yes, the NMR should be heated first. just then the polymerization should be performed"
76,The polymerization was then conducted in the NMR (Bruker 400) that had been stabilized at 70 degrees Celsius beforehand.: How was the NMR instrument stabilized at 70 degrees Celsius?,The temperature can be set with the appropriate attribute in the chemical description language XDL that will be used later on
77,The solution was purged with nitrogen for 8 minutes in an ice bath.: Was the ice bath used only during the nitrogen purging step or throughout the entire procedure?,Only during the nitrogen purging step
78,An aliquot of 500 microliters was transferred to an NMR tube and sealed with a septum.: Was the NMR tube sealed with a septum before or after the transfer of the aliquot?,After transfer. In our case of a robotic execution. Sealing can just be assumed to be performed automatically
79,"4.6 milligrams (1 equivalent) of 2-(((butylsulfanyl)carbothioyl)sulfanyl)propanoic acid (CTA 1) was added and dissolved in 1 milliliter of dimethyl acrylamide (500 equivalents), and then 4 milliliters of deuterated water with 10 microliters of sulfuric acid (18 M, 10 equivalents) was added.: What is the purpose of using 500 equivalents of dimethyl acrylamide and 10 equivalents of sulfuric acid?",Chemical questions are not of interest for us
80,"4.6 milligrams (1 equivalent) of 2-(((butylsulfanyl)carbothioyl)sulfanyl)propanoic acid (CTA 1) was added and dissolved in 1 milliliter of dimethyl acrylamide (500 equivalents), and then 4 milliliters of deuterated water with 10 microliters of sulfuric acid (18 M, 10 equivalents) was added.: Is the term 'equivalents' used here to indicate excess rather than stoichiometry?",No it is used for stochiometry reasons
81,The reaction mixture was subsequently allowed to warm to room temperature while stirring over an hour.: Was there a specific method mentioned for monitoring the reaction progress?,"The execution will be performed on a robotic system. All that matter is that physical units like time , pressure etc. are assigned with proper units like min,sec and mbar and a specific value for them"
82,The reaction mixture was subsequently allowed to warm to room temperature while stirring over an hour.: How was the reaction mixture protected from external contaminants during the warming process?,This is not of relevance for the execution
83,The diethyl ether layer was passed through Celite® (4 ml).: What is the purpose of passing through Celite and how is it done?,Celite is used to remove water
84,"The solid was dissolved in acetonitrile (30 ml), passed through Celite® and eluted (acetonitrile, 4× 20 ml).: What is the elution process and how is it done?",This is similar to a washing step. Celite is in the washing filter and the reaction mixutre is passen thourgh it
85,"diluted (dichloromethane, 20 ml): Was the dilution done dropwise or all at once?",since not mentioned differnetly all at once
86,"washed (water, 8 ml): Was the washing process done once or multiple times?",just once since not otherwise noted
87,warmed to 30 °C: Was the warming process gradual or immediate?,there is only one way of doing this which is determined by the system and not relevant for us to know
88,removed by a steady stream of nitrogen: What was the rate of nitrogen flow?,not relevant for us
89,"added, resulting in a solid precipitate: What was the method of addition for ethyl ether?",just adding is enough to know
90,"The vial was then sealed with a septum, before deoxygenation by nitrogen bubbling for 15 min.: Was the deoxygenation process continuous during the 15 min nitrogen bubbling or was it a separate step after sealing the vial?",The deoxygenation is performed by the nitrogen bubbling. Meaning it is continuous.
91,"The polymerization was conducted in an oil bath at 70 °C for 20 h with a 200 r.p.m. stirring rate, to reach a conversion of 96% by 1H NMR spectroscopy.: Was the stirring rate constant throughout the 20 h polymerization period?",yes sitrring rates are always constant
92,"The polymerization was conducted in an oil bath at 70 °C for 20 h with a 200 r.p.m. stirring rate, to reach a conversion of 96% by 1H NMR spectroscopy.: Was the conversion monitored continuously during the 20 h polymerization?",NO we will not monitore anything outselfes
93,Molecular simulations were performed using the stk software to predict the most likely reaction products of [4[2+3]+6]cage.: What specific parameters were used in the molecular simulations?,This is not a synthetic procedure
94,at 0°C: Was there a specific method mentioned for maintaining the temperature at 0°C?,just set the attribute temp to 0 C. This will work automatically. No need to think about hardware implementations
95,resulting in a solid precipitate: Was the formation of the solid precipitate instantaneous or gradual?,Not relevant
96,"The search for space groups involves sampling the ten most common space groups for organic crystals along with four trigonal space groups (143, 144, 145, and 146), each with one molecule in the asymmetric unit. A quasi-random method is used to search these selected space groups separately, and valid structures are lattice energy minimized using DMACRYS software in a two-stage protocol. The first stage involves FIT+DMA with partial charges, followed by the second stage with multipole electrostatics.: What specific parameters are used in the FIT+DMA stage?",This is not a synthetic procedure. Should be classified as C
